,artist,collaborator
0,Emis Killa,Sfera Ebbasta
0,Emis Killa,Rizzo
0,Emis Killa,Neima Ezza
0,Emis Killa,Guè
0,Emis Killa,Salmo
0,Emis Killa,Ernia
0,Emis Killa,Coez
0,Emis Killa,Lazza
0,Emis Killa,Fabri Fibra
0,Emis Killa,G. Soave
0,Emis Killa,Duellz
0,Emis Killa,Tormento
0,Emis Killa,Marracash
0,Emis Killa,Fabio De Martino
0,Emis Killa,J Lord
0,Emis Killa,Rose Villain
0,Emis Killa,Madame
0,Emis Killa,Gemitaiz
0,Emis Killa,Jake La Furia
0,Emis Killa,Montenero
0,Emis Killa,RollzRois
0,Emis Killa,Mera
0,Emis Killa,Not Good
0,Emis Killa,Massimo Pericolo
0,Emis Killa,Geolier
0,Emis Killa,Rkomi
0,Emis Killa,Speranza
0,Emis Killa,Foreigner.Flp
0,Emis Killa,Inamos
0,Emis Killa,Tedua
0,Emis Killa,Nayt
0,Emis Killa,Capo Plaza
0,Emis Killa,Carl Brave
0,Emis Killa,Vegas Jones
0,Emis Killa,6ix9ine
0,Emis Killa,PashaPG
0,Emis Killa,Neffa
0,Emis Killa,Maruego
0,Emis Killa,Giso
0,Emis Killa,Jamil
0,Emis Killa,DJ Telaviv
0,Emis Killa,Davide Ice
0,Emis Killa,Big Joe
0,Emis Killa,Zef
0,Emis Killa,Bassi Maestro
0,Emis Killa,Clark P.
0,Emis Killa,Don Joe
0,Emis Killa,Sick Luke
0,Emis Killa,Vacca
0,Emis Killa,Mondo Marcio
0,Emis Killa,MadMan
0,Emis Killa,PK
0,Emis Killa,Clementino
0,Emis Killa,2nd Roof Music
0,Emis Killa,Luchè
0,Emis Killa,Small White
0,Emis Killa,Fritz Da Cat
0,Emis Killa,J-AX
0,Emis Killa,Skin
0,Emis Killa,Max Pezzali
0,Emis Killa,Duellez
0,Emis Killa,Mostro
0,Emis Killa,Westside Gunn
0,Emis Killa,Roshelle
0,Emis Killa,Shiva
0,Emis Killa,Achille Lauro
0,Emis Killa,Boss Doms
0,Emis Killa,Andrea Piraz
0,Emis Killa,Saturnino
0,Rhove,Paky
0,Rhove,Madfingerz
0,Rhove,8blevrai
0,Rhove,Kassimi
0,Rhove,Yunes LaGrintaa
0,Rhove,Sisco
0,Rhove,Néza
0,Rhove,Nabi
0,Rhove,Sasso
0,Rhove,Timal
0,Rhove,Shiva
0,Rhove,Ghali
0,Rhove,Jul
0,Rhove,Morad
0,Rhove,Elai
0,Finesse,Shiva
0,Finesse,Sfera Ebbasta
0,Finesse,Guè
0,Finesse,MamboLosco
0,Finesse,Nardi
0,Finesse,Tony Boy
0,Lazza,Tory Lanez
0,Lazza,Sfera Ebbasta
0,Lazza,Takagi & Ketra
0,Lazza,Noyz Narcos
0,Lazza,French Montana
0,Lazza,Geolier
0,Lazza,Capo Plaza
0,Lazza,thasup
0,Lazza,Dylan
0,Lazza,Guè
0,Lazza,Shiva
0,Lazza,Rondodasosa
0,Lazza,Tony Effe
0,Lazza,Gemitaiz
0,Lazza,Fabri Fibra
0,Lazza,Izi
0,Lazza,Tedua
0,Lazza,Luchè
0,Lazza,Giaime
0,Lazza,Kaydy Cain
0,Lazza,Elodie
0,Lazza,Low Kidd
0,Lazza,Salmo
0,Lazza,Nitro
0,Lazza,James Hype
0,Lazza,Miggy Dela Rosa
0,Lazza,Oliver Heldens
0,Lazza,ANNA
0,Lazza,Fumez The Engineer
0,Lazza,Andry The Hitmaker
0,Lazza,333 Mob
0,Geolier,Marracash
0,Geolier,Giorgia
0,Geolier,Sfera Ebbasta
0,Geolier,Guè
0,Geolier,Shiva
0,Geolier,Michelangelo
0,Geolier,Lele Blade
0,Geolier,Takagi & Ketra
0,Geolier,Paky
0,Geolier,Roshelle
0,Geolier,Luchè
0,Geolier,MV Killa
0,Geolier,Shablo
0,Geolier,Coez
0,Geolier,TY1
0,Geolier,Rocco Hunt
0,Geolier,Anna Tatangelo
0,Geolier,Boro Boro
0,Geolier,Andry The Hitmaker
0,Geolier,Neves17
0,Geolier,Poison Beatz
0,Geolier,Tom Trigger
0,Geolier,Dat Boi Dee
0,Geolier,Peppe Soks
0,Geolier,Nicola Siciliano
0,BLANCO,Mina
0,BLANCO,Mahmood
0,BLANCO,MEDUZA
0,BLANCO,Sfera Ebbasta
0,BLANCO,MACE
0,BLANCO,Salmo
0,Annalisa,Federico Rossi
0,Annalisa,Alfa
0,Annalisa,J-AX
0,Annalisa,Chadia Rodriguez
0,Annalisa,Rkomi
0,Annalisa,Achille Lauro
0,Annalisa,Michele Bravi
0,Annalisa,Mr.Rain
0,Annalisa,Boomdabash
0,Annalisa,David Guetta
0,Annalisa,Ty Dolla $ign
0,Annalisa,A Boogie Wit da Hoodie
0,Annalisa,Rose Villain
0,Annalisa,Yanomi
0,Annalisa,Two Fingerz
0,Tananai,ARIETE
0,Tananai,Fedez
0,Tananai,Mara Sattei
0,Tananai,Rosa Chemical
0,Marco Mengoni,The Kingdom Choir
0,Marco Mengoni,La rappresentante di lista
0,Marco Mengoni,Bresh
0,Marco Mengoni,Samuele Bersani
0,Marco Mengoni,Gazzelle
0,Marco Mengoni,Madame
0,Marco Mengoni,Benny Benassi
0,Marco Mengoni,Tom Walker
0,Marco Mengoni,Vanessa Da Mata
0,Marco Mengoni,Selton
0,Marco Mengoni,Paloma Faith
0,Marco Mengoni,Mystify Noise
0,Marco Mengoni,Takagi & Ketra
0,Marco Mengoni,Frah Quintale
0,Marco Mengoni,Giorgia
0,Marco Mengoni,Sondr
0,Marco Mengoni,NDPC
0,Marco Mengoni,DJ Ross
0,Marco Mengoni,Max Savietto
0,Marco Mengoni,Tommy Vee
0,Marco Mengoni,Mauro Ferrucci
0,Marco Mengoni,Keller
0,Marco Mengoni,Edo Marani
0,Marco Mengoni,The ReLOUD
0,Marco Mengoni,The Grizzly Brothers
0,Marco Mengoni,KeeJay Freak
0,Shiva,Dylan
0,Shiva,Slings
0,Shiva,Bianca Costa
0,Shiva,Tedua
0,Shiva,Sfera Ebbasta
0,Shiva,Federica Abbate
0,Shiva,Madame
0,Shiva,Lil Baby
0,Shiva,Paky
0,Shiva,Guè
0,Shiva,Capo Plaza
0,Shiva,Marracash
0,Shiva,thasup
0,Shiva,Mostro
0,Shiva,Giaime
0,Shiva,Oni One
0,Shiva,Nerone
0,Shiva,Sercho
0,Shiva,Cranio Randagio
0,Shiva,Parix
0,Shiva,Headie One
0,Shiva,Luchè
0,Shiva,Eiffel 65
0,Shiva,Gabry Ponte
0,Shiva,Nea
0,Shiva,Ardian Bujupi
0,Shiva,AVA
0,Rocco Hunt,Guè
0,Rocco Hunt,Boomdabash
0,Rocco Hunt,Carl Brave
0,Rocco Hunt,Fabri Fibra
0,Rocco Hunt,Luchè
0,Rocco Hunt,Emis Killa
0,Rocco Hunt,Yung Snapp
0,Rocco Hunt,MV Killa
0,Rocco Hunt,Lele Blade
0,Rocco Hunt,Elettra Lamborghini
0,Rocco Hunt,Lola Indigo
0,Rocco Hunt,Ana Mena
0,Rocco Hunt,Achille Lauro
0,Rocco Hunt,J-AX
0,Rocco Hunt,Clementino
0,Rocco Hunt,Neffa
0,Rocco Hunt,Gemitaiz
0,Rocco Hunt,Speranza
0,Rocco Hunt,Nicola Siciliano
0,Rocco Hunt,Enzo Avitabile
0,Rocco Hunt,Speaker Cenzou
0,Rocco Hunt,O Zulu
0,Rocco Hunt,Chiara Galiazzo
0,Rocco Hunt,Mario Biondi
0,Rocco Hunt,Nazo
0,Rocco Hunt,Zoa
0,Rocco Hunt,Chief
0,Rocco Hunt,Maruego
0,Rocco Hunt,Annalisa
0,Rocco Hunt,Lucio Dalla
0,Rocco Hunt,Emiliano Pepe
0,Rocco Hunt,Noyz Narcos
0,Rocco Hunt,Tiromancino
0,Rocco Hunt,Eros Ramazzotti
0,Rocco Hunt,MadMan
0,Rocco Hunt,Nitro
0,Rocco Hunt,Ensi
0,Rocco Hunt,R.A. The Rugged Man
0,Rocco Hunt,Alessandro Casillo
0,Rocco Hunt,Kiave
0,Rocco Hunt,Johnny Marsiglia
0,Rocco Hunt,Reverendo
0,Rocco Hunt,Omar Montes
0,Rocco Hunt,Reik
0,Mr.Rain,Hopsin
0,Mr.Rain,Birdy
0,Mr.Rain,Osso
0,Mr.Rain,sangiovanni
0,Mr.Rain,Dual Beat
0,Mr.Rain,Gianni Bini
0,Mr.Rain,ROOM9
0,Mr.Rain,Alfa
0,Mr.Rain,J-AX
0,Mr.Rain,Martina Attili
0,Mr.Rain,Maite Perroni
0,Bresh,SHUNE
0,Bresh,Rkomi
0,Bresh,Izi
0,Bresh,PSICOLOGI
0,Bresh,Greg Willen
0,Bresh,Tony Effe
0,Bresh,Massimo Pericolo
0,Bresh,Crookers
0,Bresh,Francesca Michielin
0,Bresh,Ketama126
0,Bresh,Disme
0,Bresh,Vaz Tè
0,Bresh,Giaime
0,Bresh,Garelli
0,Bresh,Tedua
0,Bresh,AVA
0,Bresh,Neima Ezza
0,Bresh,Sick Luke
0,Bresh,Mara Sattei
0,Bresh,Camilla Magli
0,thasup,Tedua
0,thasup,Coez
0,thasup,Mara Sattei
0,thasup,Tiziano Ferro
0,thasup,Rkomi
0,thasup,Tananai
0,thasup,Pinguini Tattici Nucleari
0,thasup,Sfera Ebbasta
0,thasup,Salmo
0,thasup,Rondodasosa
0,thasup,bbno$
0,thasup,Nitro
0,thasup,Nayt
0,thasup,Fabri Fibra
0,thasup,Marracash
0,thasup,Dani Faiv
0,thasup,Mahmood
0,thasup,Gemitaiz
0,thasup,MadMan
0,thasup,Takagi & Ketra
0,thasup,PSICOLOGI
0,thasup,yungest Moonstar
0,thasup,Neffa
0,thasup,Carl Brave
0,thasup,Lous and The Yakuza
0,thasup,Lexotan
0,Tony Effe,Sfera Ebbasta
0,Tony Effe,Geolier
0,Tony Effe,Capo Plaza
0,Tony Effe,Gucci Mane
0,Tony Effe,Guè
0,Tony Effe,Gazo
0,Tony Effe,Dylan
0,Tony Effe,Tedua
0,Tony Effe,Wayne
0,Tony Effe,Side Baby
0,Tony Effe,Icy Subzero
0,Tony Effe,Rose Villain
0,Tony Effe,MamboLosco
0,Tony Effe,VillaBanks
0,Tony Effe,Rosa Chemical
0,Tony Effe,Radical
0,Tony Effe,Dark Polo Gang
0,Guè,Paky
0,Guè,ANNA
0,Guè,Sfera Ebbasta
0,Guè,Massimo Pericolo
0,Guè,Marracash
0,Guè,Rkomi
0,Guè,Mahmood
0,Guè,Benny The Butcher
0,Guè,Napoleone
0,Guè,Rick Ross
0,Guè,Rose Villain
0,Guè,Coez
0,Guè,Ernia
0,Guè,Elisa
0,Guè,Salmo
0,Guè,dutchavelli
0,Guè,Jadakiss
0,Guè,Ketama126
0,Guè,Franco126
0,Guè,Shablo
0,Guè,Dj Harsh
0,Guè,Gemitaiz
0,Guè,Noyz Narcos
0,Guè,Night Skinny
0,Guè,Vettosi
0,Guè,Rasty Kilo
0,Guè,MV Killa
0,Guè,Luchè
0,Guè,North of Loreto
0,Guè,Caneda
0,Guè,Entics
0,Guè,Baby K
0,Guè,Ensi
0,Guè,Ntò
0,Guè,Jake La Furia
0,Guè,Nex Cassel
0,Guè,Zuli
0,Guè,Vacca
0,Guè,Vincenzo Da Via Anfossi
0,Guè,Montenero
0,Guè,Duellz
0,Guè,Caprice
0,Guè,MILES
0,Guè,2nd Roof
0,Guè,Junior K
0,Guè,Don Joe
0,Guè,Drillionaire
0,Guè,Carl Brave
0,Guè,Rame
0,Guè,Alborosie
0,Guè,Noizy
0,Guè,Capo Plaza
0,Guè,DrefGold
0,Guè,Frah Quintale
0,Guè,Prynce
0,Guè,Cosculluela
0,Guè,El Micha
0,Guè,Elodie
0,Guè,Il Profeta
0,Guè,Elettra Lamborghini
0,Guè,Vale Lambo
0,Guè,Laïoung
0,Guè,Enzo Avitabile
0,Guè,Fabri Fibra
0,Guè,Akon
0,Guè,Crookers
0,Guè,Maruego
0,Guè,Ateyaba
0,Guè,Peppino Di Capri
0,Guè,Red Cafe
0,Guè,Galiano
0,Guè,Slim Thug
0,Guè,Rosario Miraggio
0,Guè,J-AX
0,Guè,Jack Jaselli
0,Guè,Fedez
0,Guè,Arlissa
0,Guè,Julia Lenti
0,Guè,Tormento
0,Guè,Clementino
0,Guè,Dj Jay-K
0,Guè,Stress
0,Guè,Sixpm
0,Guè,Ghali
0,Guè,Fumez The Engineer
0,Guè,Sayanbull
0,Guè,Raf
0,Guè,ChildsPlay
0,Guè,Domiziana
0,Guè,Replay Okay
0,Guè,Aka 7even
0,Guè,VillaBanks
0,Guè,Cancun
0,Guè,J Lord
0,Guè,Greg Willen
0,Guè,Blind
0,Guè,Nicola Siciliano
0,Medy,Timongothekeys
0,Medy,Capo Plaza
0,Medy,VillaBanks
0,Medy,Andry The Hitmaker
0,Medy,Nabi
0,Medy,Néza
0,Medy,Vale Pain
0,Medy,167 Gang
0,Medy,AVA
0,Medy,ANNA
0,Medy,Rame
0,Angelina Mango,Nashley
0,Rose Villain,Salmo
0,Rose Villain,Tedua
0,Rose Villain,Geolier
0,Rose Villain,Carl Brave
0,Rose Villain,Elisa
0,Rose Villain,Sixpm
0,Rose Villain,Achille Lauro
0,Rose Villain,Rosa Chemical
0,Rose Villain,Giaime
0,Rose Villain,MDNT
0,VillaBanks,Linch
0,VillaBanks,ARIETE
0,VillaBanks,Lil Kvneki
0,VillaBanks,D'Amore
0,VillaBanks,Heartman
0,VillaBanks,Tananai
0,VillaBanks,☆ ELEONORA ☆
0,VillaBanks,Reizon
0,VillaBanks,Papa V
0,VillaBanks,Key Largo
0,VillaBanks,Il Genio
0,VillaBanks,Hache-P
0,VillaBanks,Taxi B
0,VillaBanks,Random
0,VillaBanks,Boro Boro
0,VillaBanks,Ketama126
0,VillaBanks,Elilluminari
0,VillaBanks,Franchino
0,VillaBanks,Mattia Trani
0,VillaBanks,Diegovlberton
0,VillaBanks,Capo Plaza
0,VillaBanks,Fri2
0,VillaBanks,Rosa Chemical
0,VillaBanks,Bello Figo
0,VillaBanks,Brando Luis
0,VillaBanks,Cxtana
0,VillaBanks,Vale Pain
0,VillaBanks,Bovychulo
0,VillaBanks,Andry The Hitmaker
0,VillaBanks,Slings
0,VillaBanks,MamboLosco
0,VillaBanks,The American Boyfriends
0,VillaBanks,AVA
0,VillaBanks,Rossella Essence
0,VillaBanks,Fred De Palma
0,VillaBanks,Niko Pandetta
0,VillaBanks,J2LASTEU
0,VillaBanks,65Goonz
0,VillaBanks,OskMusic
0,VillaBanks,Greg Willen
0,VillaBanks,Rayan
0,VillaBanks,Intifaya
0,VillaBanks,Young Slash
0,VillaBanks,Demo
0,Madame,Sfera Ebbasta
0,Madame,Fabri Fibra
0,Madame,Rkomi
0,Madame,Carl Brave
0,Madame,Pinguini Tattici Nucleari
0,Madame,Guè
0,Madame,VillaBanks
0,Madame,Ernia
0,Madame,Gaia
0,Madame,BLANCO
0,Madame,Hatik
0,Madame,sangiovanni
0,Madame,Sick Luke
0,Madame,chiello
0,Madame,Chris Nolan
0,Madame,Tedua
0,Madame,Birthh
0,Madame,AIELLO
0,Madame,Don Joe
0,Madame,Dani Faiv
0,Madame,Elodie
0,Madame,Merk & Kremont
0,Madame,BB Team
0,Loreen,Elliphant
0,Sfera Ebbasta,Marracash
0,Sfera Ebbasta,Paky
0,Sfera Ebbasta,Elettra Lamborghini
0,Sfera Ebbasta,DrefGold
0,Sfera Ebbasta,Tedua
0,Sfera Ebbasta,Izi
0,Sfera Ebbasta,Luchè
0,Sfera Ebbasta,Noizy
0,Sfera Ebbasta,Lous and The Yakuza
0,Sfera Ebbasta,Shablo
0,Sfera Ebbasta,Mahmood
0,Rizzo,Roshelle
0,Rizzo,Not Good
0,Neima Ezza,2nd Roof
0,Neima Ezza,Rondodasosa
0,Neima Ezza,Vale Pain
0,Neima Ezza,ROOM9
0,Neima Ezza,AVA
0,Neima Ezza,Niko Pandetta
0,Neima Ezza,Jake La Furia
0,Salmo,Drillionaire
0,Salmo,Sixpm
0,Salmo,Jake La Furia
0,Salmo,Night Skinny
0,Salmo,Ensi
0,Salmo,Andry The Hitmaker
0,Salmo,Ernia
0,Salmo,Nerone
0,Salmo,Noyz Narcos
0,Salmo,Marracash
0,Salmo,Dani Faiv
0,Salmo,Nitro
0,Salmo,Fabri Fibra
0,Salmo,Sfera Ebbasta
0,Salmo,Coez
0,Salmo,Gemitaiz
0,Salmo,MadMan
0,Salmo,Fritz Da Cat
0,Salmo,Fedez
0,Salmo,Takagi & Ketra
0,Salmo,MACE
0,Ernia,Mara Sattei
0,Ernia,Marco Mengoni
0,Ernia,Rkomi
0,Ernia,Geolier
0,Ernia,Junior K
0,Ernia,Gaia
0,Ernia,Sfera Ebbasta
0,Ernia,Carl Brave
0,Ernia,Night Skinny
0,Ernia,Pinguini Tattici Nucleari
0,Ernia,Tedua
0,Ernia,Lazza
0,Ernia,Fabri Fibra
0,Ernia,Shiva
0,Ernia,Luchè
0,Ernia,Nitro
0,Ernia,Chadia Rodriguez
0,Ernia,Izi
0,Coez,Frah Quintale
0,Coez,ARIETE
0,Coez,Neffa
0,Coez,Gemitaiz
0,Coez,Noyz Narcos
0,Coez,Massimo Pericolo
0,Coez,Shablo
0,Coez,TY1
0,Coez,Achille Lauro
0,Fabri Fibra,Rose Villain
0,Fabri Fibra,Neffa
0,Fabri Fibra,Ketama126
0,Fabri Fibra,Marracash
0,Fabri Fibra,Francesca Michielin
0,Fabri Fibra,Laïoung
0,Fabri Fibra,Jake La Furia
0,Fabri Fibra,Don Joe
0,Fabri Fibra,Gemitaiz
0,Fabri Fibra,MadMan
0,Fabri Fibra,PK
0,Fabri Fibra,Nitro
0,Fabri Fibra,Clementino
0,Fabri Fibra,Elisa
0,Fabri Fibra,Entics
0,Fabri Fibra,Alborosie
0,Fabri Fibra,J-AX
0,Fabri Fibra,Elodie
0,Fabri Fibra,Franco126
0,Fabri Fibra,Tiziano Ferro
0,Fabri Fibra,Mahmood
0,Fabri Fibra,Crookers
0,Tormento,Coez
0,Tormento,Parix
0,Tormento,Salmo
0,Tormento,Mondo Marcio
0,Tormento,Shablo
0,Tormento,Ensi
0,Tormento,Max Pezzali
0,Tormento,Tiromancino
0,Tormento,J-AX
0,Marracash,BLANCO
0,Marracash,Elisa
0,Marracash,Coez
0,Marracash,Massimo Pericolo
0,Marracash,Mahmood
0,Marracash,Luchè
0,Marracash,Madame
0,Marracash,Lazza
0,Marracash,Paky
0,Marracash,Taxi B
0,Marracash,Rkomi
0,Marracash,Achille Lauro
0,Marracash,Tiziano Ferro
0,Marracash,Neffa
0,Marracash,Federica Abbate
0,Marracash,Fedez
0,Marracash,Entics
0,Marracash,Noyz Narcos
0,Marracash,Vincenzo Da Via Anfossi
0,Marracash,Jake La Furia
0,Marracash,J-AX
0,Marracash,TY1
0,Marracash,Ghali
0,Marracash,Shablo
0,Marracash,Carl Brave
0,Marracash,Elodie
0,Marracash,Don Joe
0,Marracash,Il Profeta
0,J Lord,Massimo Pericolo
0,J Lord,Bresh
0,J Lord,Vettosi
0,J Lord,Vale Pain
0,J Lord,Dat Boi Dee
0,J Lord,Ghali
0,J Lord,2nd Roof
0,Gemitaiz,Neffa
0,Gemitaiz,MadMan
0,Gemitaiz,Sfera Ebbasta
0,Gemitaiz,MACE
0,Gemitaiz,Noyz Narcos
0,Gemitaiz,Marracash
0,Gemitaiz,Nitro
0,Gemitaiz,Geolier
0,Gemitaiz,Izi
0,Gemitaiz,Carl Brave
0,Gemitaiz,Ensi
0,Gemitaiz,Speranza
0,Gemitaiz,Chadia Rodriguez
0,Gemitaiz,Achille Lauro
0,Gemitaiz,Mahmood
0,Gemitaiz,Giorgia
0,Gemitaiz,Clementino
0,Gemitaiz,Crookers
0,Gemitaiz,Jake La Furia
0,Gemitaiz,Ntò
0,Gemitaiz,Bassi Maestro
0,Gemitaiz,Sercho
0,Gemitaiz,Nayt
0,Gemitaiz,Ketama126
0,Gemitaiz,Franco126
0,Jake La Furia,Lazza
0,Jake La Furia,Paky
0,Jake La Furia,8blevrai
0,Jake La Furia,Ana Mena
0,Jake La Furia,Noyz Narcos
0,Jake La Furia,Yung Snapp
0,Jake La Furia,Geolier
0,Jake La Furia,Ernia
0,Jake La Furia,Rkomi
0,Jake La Furia,Speranza
0,Jake La Furia,Foreigner.Flp
0,Jake La Furia,Not Good
0,Jake La Furia,Inamos
0,Jake La Furia,Massimo Pericolo
0,Jake La Furia,Tedua
0,Jake La Furia,Maruego
0,Jake La Furia,J-AX
0,Jake La Furia,Ntò
0,Jake La Furia,Ensi
0,Jake La Furia,Zuli
0,Jake La Furia,2nd Roof
0,Jake La Furia,Nitro
0,Jake La Furia,Don Joe
0,Montenero,RollzRois
0,Montenero,Vincenzo Da Via Anfossi
0,Montenero,2nd Roof
0,Montenero,Luchè
0,Montenero,Bassi Maestro
0,Montenero,Don Joe
0,Montenero,Ensi
0,Montenero,Zef
0,Montenero,Giso
0,RollzRois,Crookers
0,Not Good,Chadia Rodriguez
0,Not Good,Vegas Jones
0,Not Good,Fabri Fibra
0,Not Good,Mostro
0,Not Good,Crookers
0,Massimo Pericolo,Crookers
0,Massimo Pericolo,Salmo
0,Massimo Pericolo,Madame
0,Massimo Pericolo,Ensi
0,Massimo Pericolo,Niko Pandetta
0,Massimo Pericolo,Ketama126
0,Massimo Pericolo,Mahmood
0,Massimo Pericolo,Speranza
0,Rkomi,Elodie
0,Rkomi,Gazzelle
0,Rkomi,Night Skinny
0,Rkomi,ARIETE
0,Rkomi,Shablo
0,Rkomi,Sfera Ebbasta
0,Rkomi,Junior K
0,Rkomi,Roshelle
0,Rkomi,MACE
0,Rkomi,Gaia
0,Rkomi,chiello
0,Rkomi,Elisa
0,Rkomi,Ghali
0,Rkomi,Carl Brave
0,Rkomi,Noyz Narcos
0,Rkomi,Izi
0,Rkomi,Tedua
0,Rkomi,Dylan
0,Speranza,Nitro
0,Speranza,2nd Roof
0,Speranza,MadMan
0,Speranza,Don Joe
0,Speranza,Night Skinny
0,Speranza,Tedua
0,Speranza,Guè
0,Speranza,Noyz Narcos
0,Speranza,Ketama126
0,Speranza,TY1
0,Speranza,Crookers
0,Speranza,Peppe Soks
0,Tedua,Chris Nolan
0,Tedua,Sick Luke
0,Tedua,Garelli
0,Tedua,SHUNE
0,Tedua,Massimo Pericolo
0,Tedua,Paky
0,Tedua,Gemitaiz
0,Tedua,MadMan
0,Tedua,Disme
0,Tedua,AVA
0,Tedua,Capo Plaza
0,Tedua,Ghali
0,Tedua,Izi
0,Tedua,Vaz Tè
0,Tedua,Laïoung
0,Nayt,MadMan
0,Nayt,Tormento
0,Nayt,Vegas Jones
0,Nayt,Nitro
0,Nayt,Dani Faiv
0,Nayt,Nicola Siciliano
0,Capo Plaza,Gazo
0,Capo Plaza,Morad
0,Capo Plaza,Sfera Ebbasta
0,Capo Plaza,A Boogie Wit da Hoodie
0,Capo Plaza,DrefGold
0,Capo Plaza,Ghali
0,Capo Plaza,Peppe Soks
0,Capo Plaza,Izi
0,Capo Plaza,AVA
0,Capo Plaza,ANNA
0,Capo Plaza,Noizy
0,Capo Plaza,TY1
0,Carl Brave,Speranza
0,Carl Brave,Ketama126
0,Carl Brave,Elodie
0,Carl Brave,Mara Sattei
0,Carl Brave,Taxi B
0,Carl Brave,Luchè
0,Carl Brave,Francesca Michielin
0,Carl Brave,Fabri Fibra
0,Carl Brave,Coez
0,Carl Brave,Frah Quintale
0,Carl Brave,Franco126
0,Carl Brave,Federica Abbate
0,Carl Brave,Don Joe
0,Carl Brave,Shablo
0,Vegas Jones,Salmo
0,Vegas Jones,Andry The Hitmaker
0,Vegas Jones,Giaime
0,Vegas Jones,Nicola Siciliano
0,Vegas Jones,MamboLosco
0,Vegas Jones,Fabri Fibra
0,Vegas Jones,MadMan
0,Vegas Jones,Gemitaiz
0,Vegas Jones,Guè
0,Vegas Jones,Jake La Furia
0,Vegas Jones,Nitro
0,Vegas Jones,Laïoung
0,Vegas Jones,Sercho
0,Vegas Jones,Mostro
0,Vegas Jones,ROOM9
0,Vegas Jones,Dani Faiv
0,6ix9ine,Akon
0,6ix9ine,Tory Lanez
0,6ix9ine,A Boogie Wit da Hoodie
0,6ix9ine,Lil Baby
0,Neffa,TY1
0,Neffa,Speaker Cenzou
0,Neffa,Alborosie
0,Neffa,yungest Moonstar
0,Maruego,Fabri Fibra
0,Maruego,Vegas Jones
0,Maruego,Andrea Piraz
0,Maruego,Emiliano Pepe
0,Maruego,Tormento
0,Maruego,Caneda
0,Maruego,2nd Roof
0,Giso,RollzRois
0,Giso,Mostro
0,Giso,Tormento
0,Giso,Not Good
0,Giso,Mera
0,Giso,Clark P.
0,Giso,DJ Telaviv
0,Giso,Lazza
0,Giso,Jamil
0,Giso,Bassi Maestro
0,Giso,Duellz
0,Jamil,Mr.Rain
0,Jamil,Jake La Furia
0,Jamil,Nayt
0,Jamil,Niko Pandetta
0,Jamil,Fedez
0,Jamil,J-AX
0,Jamil,Vacca
0,Jamil,Laïoung
0,Jamil,Tormento
0,Jamil,MadMan
0,Jamil,Gemitaiz
0,Jamil,Ntò
0,Jamil,DJ Telaviv
0,Jamil,Mondo Marcio
0,Big Joe,Johnny Marsiglia
0,Big Joe,Nex Cassel
0,Big Joe,Zuli
0,Big Joe,Ensi
0,Big Joe,Kiave
0,Zef,PSICOLOGI
0,Bassi Maestro,Mondo Marcio
0,Bassi Maestro,Vacca
0,Bassi Maestro,Don Joe
0,Bassi Maestro,Fabri Fibra
0,Bassi Maestro,Vegas Jones
0,Bassi Maestro,Nitro
0,Bassi Maestro,Lazza
0,Bassi Maestro,MadMan
0,Bassi Maestro,Salmo
0,Bassi Maestro,Nex Cassel
0,Bassi Maestro,Ensi
0,Bassi Maestro,Baby K
0,Bassi Maestro,Tormento
0,Don Joe,Boro Boro
0,Don Joe,Nicola Siciliano
0,Don Joe,Vale Pain
0,Don Joe,Vettosi
0,Don Joe,Medy
0,Don Joe,RollzRois
0,Don Joe,Slings
0,Don Joe,Ernia
0,Don Joe,Neima Ezza
0,Don Joe,Shiva
0,Don Joe,Rose Villain
0,Don Joe,Paky
0,Don Joe,Caneda
0,Don Joe,Vincenzo Da Via Anfossi
0,Don Joe,167 Gang
0,Don Joe,Massimo Pericolo
0,Don Joe,J-AX
0,Don Joe,Francesca Michielin
0,Don Joe,Maruego
0,Don Joe,Clementino
0,Don Joe,Rocco Hunt
0,Don Joe,Shablo
0,Don Joe,Noyz Narcos
0,Don Joe,Nex Cassel
0,Don Joe,Duellz
0,Don Joe,Entics
0,Don Joe,Ntò
0,Don Joe,Emiliano Pepe
0,Don Joe,Luchè
0,Don Joe,Reverendo
0,Don Joe,Chief
0,Don Joe,Fedez
0,Don Joe,Gemitaiz
0,Don Joe,Johnny Marsiglia
0,Don Joe,Vacca
0,Don Joe,Ensi
0,Don Joe,Tormento
0,Don Joe,Caprice
0,Don Joe,Timongothekeys
0,Don Joe,Dani Faiv
0,Don Joe,2nd Roof
0,Don Joe,Side Baby
0,Don Joe,Ketama126
0,Don Joe,Franco126
0,Don Joe,MamboLosco
0,Don Joe,Roshelle
0,Don Joe,Young Slash
0,Sick Luke,Lil Kvneki
0,Sick Luke,Gemitaiz
0,Sick Luke,Massimo Pericolo
0,Sick Luke,Rhove
0,Sick Luke,Capo Plaza
0,Sick Luke,Tananai
0,Sick Luke,Tony Effe
0,Sick Luke,Paky
0,Sick Luke,J Lord
0,Sick Luke,Mara Sattei
0,Sick Luke,Radical
0,Sick Luke,Side Baby
0,Sick Luke,Gazzelle
0,Sick Luke,Ernia
0,Sick Luke,Geolier
0,Sick Luke,ARIETE
0,Sick Luke,thasup
0,Sick Luke,Sfera Ebbasta
0,Sick Luke,Franco126
0,Sick Luke,Coez
0,Sick Luke,Ketama126
0,Sick Luke,Shiva
0,Sick Luke,Dylan
0,Sick Luke,Ghali
0,Sick Luke,chiello
0,Sick Luke,Taxi B
0,Sick Luke,Jake La Furia
0,Sick Luke,Fabri Fibra
0,Sick Luke,Izi
0,Sick Luke,Gaia
0,Sick Luke,Carl Brave
0,Sick Luke,Luchè
0,Sick Luke,PSICOLOGI
0,Sick Luke,Wayne
0,Vacca,Speranza
0,Vacca,Vaz Tè
0,Vacca,Entics
0,Vacca,Nashley
0,Vacca,Giaime
0,Vacca,Nerone
0,Vacca,Jake La Furia
0,Vacca,Noyz Narcos
0,Vacca,Mondo Marcio
0,Vacca,Ensi
0,Vacca,Caneda
0,Vacca,Two Fingerz
0,Vacca,Duellz
0,Vacca,Niko Pandetta
0,Mondo Marcio,Saturnino
0,Mondo Marcio,Gemitaiz
0,Mondo Marcio,Rose Villain
0,Mondo Marcio,Mina
0,Mondo Marcio,Fabri Fibra
0,Mondo Marcio,J-AX
0,Mondo Marcio,Clementino
0,Mondo Marcio,Ensi
0,Mondo Marcio,Fedez
0,Mondo Marcio,Guè
0,MadMan,Massimo Pericolo
0,MadMan,Yung Snapp
0,MadMan,MV Killa
0,MadMan,Mahmood
0,MadMan,Marracash
0,MadMan,Guè
0,MadMan,Giorgia
0,MadMan,Mostro
0,MadMan,Vale Lambo
0,MadMan,Geolier
0,MadMan,Coez
0,MadMan,Luchè
0,MadMan,Jake La Furia
0,MadMan,Clementino
0,MadMan,Crookers
0,MadMan,Ensi
0,PK,Sercho
0,PK,Gemitaiz
0,Clementino,2nd Roof
0,Clementino,Geolier
0,Clementino,J Lord
0,Clementino,Speranza
0,Clementino,Nicola Siciliano
0,Clementino,Madame
0,Clementino,Dat Boi Dee
0,Clementino,Nerone
0,Clementino,Ensi
0,Clementino,Nayt
0,Clementino,Salmo
0,Clementino,Boomdabash
0,Clementino,Lucio Dalla
0,Clementino,Marracash
0,Clementino,Noyz Narcos
0,Clementino,Ntò
0,Clementino,Coez
0,Clementino,Luchè
0,Clementino,Rame
0,Clementino,Fritz Da Cat
0,Clementino,Kiave
0,Clementino,Chief
0,Luchè,Paky
0,Luchè,Elisa
0,Luchè,Madame
0,Luchè,Noyz Narcos
0,Luchè,Tony Effe
0,Luchè,Enzo Avitabile
0,Luchè,Baby K
0,Luchè,Achille Lauro
0,Luchè,Il Profeta
0,Fritz Da Cat,Fabri Fibra
0,Fritz Da Cat,Noyz Narcos
0,Fritz Da Cat,Mondo Marcio
0,Fritz Da Cat,Tormento
0,Fritz Da Cat,Rocco Hunt
0,Fritz Da Cat,Bassi Maestro
0,Fritz Da Cat,Ensi
0,Fritz Da Cat,Gemitaiz
0,Fritz Da Cat,Johnny Marsiglia
0,Fritz Da Cat,Big Joe
0,Fritz Da Cat,Parix
0,Fritz Da Cat,Guè
0,Fritz Da Cat,Nitro
0,Fritz Da Cat,MadMan
0,J-AX,Federica Abbate
0,J-AX,Boomdabash
0,J-AX,Chadia Rodriguez
0,J-AX,Max Pezzali
0,J-AX,Fedez
0,J-AX,Lucio Dalla
0,J-AX,Chief
0,J-AX,Reverendo
0,J-AX,Neffa
0,J-AX,Chiara Galiazzo
0,J-AX,Two Fingerz
0,J-AX,Caneda
0,Max Pezzali,Ketama126
0,Mostro,Jake La Furia
0,Mostro,Andry The Hitmaker
0,Mostro,2nd Roof
0,Mostro,Rizzo
0,Mostro,Gemitaiz
0,Mostro,Jamil
0,Mostro,Sercho
0,Mostro,Oni One
0,Westside Gunn,Benny The Butcher
0,Westside Gunn,Jadakiss
0,Roshelle,Shablo
0,Roshelle,Guè
0,Roshelle,Lele Blade
0,Achille Lauro,Izi
0,Achille Lauro,Boss Doms
0,Achille Lauro,Ghali
0,Achille Lauro,Capo Plaza
0,Achille Lauro,Massimo Pericolo
0,Achille Lauro,Eiffel 65
0,Achille Lauro,Benny Benassi
0,Achille Lauro,Clementino
0,Achille Lauro,Fred De Palma
0,Achille Lauro,Noyz Narcos
0,Achille Lauro,Fedez
0,Achille Lauro,Anna Tatangelo
0,Boss Doms,Gemitaiz
0,Boss Doms,Rocco Hunt
0,Boss Doms,Clementino
0,Boss Doms,Fred De Palma
0,Boss Doms,Coez
0,Boss Doms,Taxi B
0,Boss Doms,Benny Benassi
0,Boss Doms,Anna Tatangelo
0,Saturnino,The ReLOUD
0,Paky,Jul
0,Paky,Mahmood
0,Paky,Night Skinny
0,Paky,8blevrai
0,8blevrai,Speranza
0,8blevrai,TY1
0,8blevrai,Kassimi
0,8blevrai,Yunes LaGrintaa
0,8blevrai,Intifaya
0,8blevrai,Rayan
0,Kassimi,Yunes LaGrintaa
0,Néza,Nabi
0,Sasso,Jul
0,Timal,Jul
0,Timal,Morad
0,Timal,Gazo
0,Ghali,Madame
0,Ghali,Dylan
0,Ghali,Taxi B
0,Ghali,Salmo
0,Ghali,thasup
0,Ghali,Izi
0,Ghali,Sixpm
0,Ghali,ANNA
0,Ghali,Noizy
0,Ghali,Sfera Ebbasta
0,Jul,Elai
0,Jul,Morad
0,Jul,ANNA
0,Jul,Gazo
0,Morad,Elai
0,Elai,Noizy
0,MamboLosco,Boro Boro
0,MamboLosco,Dark Polo Gang
0,MamboLosco,Rosa Chemical
0,MamboLosco,ANNA
0,MamboLosco,Lola Indigo
0,MamboLosco,Geolier
0,MamboLosco,Andry The Hitmaker
0,MamboLosco,Nardi
0,MamboLosco,Dylan
0,MamboLosco,Shiva
0,MamboLosco,Nashley
0,MamboLosco,Rondodasosa
0,MamboLosco,Slings
0,MamboLosco,Niko Pandetta
0,MamboLosco,Radical
0,Nardi,Tony Boy
0,Tony Boy,Slings
0,Tony Boy,Jamil
0,Tony Boy,Vale Pain
0,Tory Lanez,A Boogie Wit da Hoodie
0,Tory Lanez,Lil Baby
0,Takagi & Ketra,Sick Luke
0,Takagi & Ketra,MILES
0,Takagi & Ketra,Frah Quintale
0,Takagi & Ketra,Elodie
0,Noyz Narcos,Massimo Pericolo
0,Noyz Narcos,TY1
0,Noyz Narcos,Night Skinny
0,Noyz Narcos,Ketama126
0,Noyz Narcos,Franco126
0,Noyz Narcos,Sfera Ebbasta
0,Noyz Narcos,Geolier
0,Noyz Narcos,Capo Plaza
0,Noyz Narcos,Rasty Kilo
0,Noyz Narcos,MACE
0,Noyz Narcos,Vincenzo Da Via Anfossi
0,Noyz Narcos,Nex Cassel
0,French Montana,Benny The Butcher
0,French Montana,Tory Lanez
0,French Montana,Rick Ross
0,French Montana,Jadakiss
0,French Montana,Ty Dolla $ign
0,Dylan,Noyz Narcos
0,Dylan,Guè
0,Dylan,Icy Subzero
0,Dylan,Ernia
0,Dylan,Gaia
0,Dylan,Giaime
0,Dylan,Andry The Hitmaker
0,Dylan,Wayne
0,Rondodasosa,MILES
0,Rondodasosa,Vale Pain
0,Rondodasosa,Low Kidd
0,Rondodasosa,Capo Plaza
0,Rondodasosa,Gazo
0,Rondodasosa,Rose Villain
0,Rondodasosa,Ghali
0,Rondodasosa,Shiva
0,Rondodasosa,Noizy
0,Rondodasosa,Morad
0,Rondodasosa,Fumez The Engineer
0,Izi,Nayt
0,Izi,Federica Abbate
0,Izi,Guè
0,Izi,Elettra Lamborghini
0,Izi,Fabri Fibra
0,Izi,MadMan
0,Izi,Benny Benassi
0,Izi,Vaz Tè
0,Izi,Disme
0,Izi,Speranza
0,Izi,Caneda
0,Izi,Ensi
0,Izi,Tormento
0,Giaime,Nashley
0,Giaime,Chadia Rodriguez
0,Giaime,Guè
0,Giaime,Jake La Furia
0,Giaime,Tormento
0,Giaime,DJ Telaviv
0,Giaime,Nerone
0,Giaime,Blind
0,Giaime,Andry The Hitmaker
0,Giaime,Emis Killa
0,Giaime,Ernia
0,Giaime,Lele Blade
0,Giaime,Fred De Palma
0,Giaime,Capo Plaza
0,Kaydy Cain,Omar Montes
0,Elodie,Gemitaiz
0,Elodie,Low Kidd
0,Elodie,Ernia
0,Elodie,Michele Bravi
0,Elodie,Merk & Kremont
0,Elodie,BB Team
0,Low Kidd,333 Mob
0,Low Kidd,Dani Faiv
0,Low Kidd,Fabri Fibra
0,Low Kidd,Salmo
0,Low Kidd,Nitro
0,Nitro,Rosa Chemical
0,Nitro,Dani Faiv
0,Nitro,Giaime
0,Nitro,MadMan
0,Nitro,Izi
0,Nitro,2nd Roof
0,Nitro,Nicola Siciliano
0,Nitro,Nerone
0,Nitro,Tormento
0,James Hype,Miggy Dela Rosa
0,James Hype,Oliver Heldens
0,James Hype,David Guetta
0,Miggy Dela Rosa,Oliver Heldens
0,Oliver Heldens,David Guetta
0,ANNA,Rondodasosa
0,ANNA,Slings
0,ANNA,AVA
0,ANNA,Yung Snapp
0,ANNA,Vale Pain
0,ANNA,MadMan
0,ANNA,Gemitaiz
0,Fumez The Engineer,Headie One
0,Andry The Hitmaker,Nayt
0,Andry The Hitmaker,Linch
0,Andry The Hitmaker,Tony Effe
0,Andry The Hitmaker,Slings
0,Andry The Hitmaker,Boro Boro
0,Andry The Hitmaker,Shiva
0,Andry The Hitmaker,Ernia
0,Andry The Hitmaker,Emis Killa
0,Andry The Hitmaker,Lele Blade
0,Andry The Hitmaker,Fred De Palma
0,Andry The Hitmaker,Dat Boi Dee
0,Andry The Hitmaker,Yung Snapp
0,Andry The Hitmaker,Peppe Soks
0,Andry The Hitmaker,Nashley
0,Andry The Hitmaker,Capo Plaza
0,Giorgia,Elisa
0,Giorgia,Tiziano Ferro
0,Giorgia,Eros Ramazzotti
0,Giorgia,Mina
0,Lele Blade,Lazza
0,Lele Blade,Vale Lambo
0,Lele Blade,Aka 7even
0,Lele Blade,MadMan
0,Lele Blade,Paky
0,Lele Blade,Shiva
0,Lele Blade,Ernia
0,Lele Blade,Yung Snapp
0,Lele Blade,MV Killa
0,Lele Blade,Icy Subzero
0,Lele Blade,Poison Beatz
0,Lele Blade,Neves17
0,Lele Blade,Tom Trigger
0,Lele Blade,Gemitaiz
0,Lele Blade,Luchè
0,Lele Blade,Dat Boi Dee
0,MV Killa,Vale Lambo
0,MV Killa,Yung Snapp
0,MV Killa,Gemitaiz
0,MV Killa,PSICOLOGI
0,MV Killa,Peppe Soks
0,MV Killa,Dat Boi Dee
0,Shablo,Caprice
0,Shablo,Big Joe
0,Shablo,Fabri Fibra
0,Shablo,Jake La Furia
0,Shablo,Noyz Narcos
0,Shablo,J-AX
0,Shablo,Nex Cassel
0,Shablo,Duellz
0,Shablo,Montenero
0,Shablo,Caneda
0,Shablo,Entics
0,Shablo,Ntò
0,Shablo,Vincenzo Da Via Anfossi
0,Shablo,Emiliano Pepe
0,Shablo,Luchè
0,Shablo,Reverendo
0,Shablo,Chief
0,Shablo,Fedez
0,Shablo,Gemitaiz
0,Shablo,Johnny Marsiglia
0,Shablo,Vacca
0,Shablo,Ensi
0,Shablo,Emis Killa
0,Shablo,Bassi Maestro
0,Shablo,Fritz Da Cat
0,Shablo,chiello
0,Shablo,Lous and The Yakuza
0,Shablo,Elisa
0,TY1,Guè
0,TY1,J Lord
0,TY1,Franco126
0,TY1,Massimo Pericolo
0,TY1,Nicola Siciliano
0,TY1,Bresh
0,TY1,MV Killa
0,TY1,Yung Snapp
0,TY1,Lele Blade
0,TY1,Taxi B
0,TY1,Paky
0,TY1,Ernia
0,TY1,Tiromancino
0,TY1,Rkomi
0,TY1,Ketama126
0,TY1,VillaBanks
0,TY1,Jake La Furia
0,TY1,Vettosi
0,Anna Tatangelo,Gemitaiz
0,Anna Tatangelo,Mario Biondi
0,Boro Boro,Dark Polo Gang
0,Boro Boro,Rosa Chemical
0,Boro Boro,ANNA
0,Boro Boro,Lola Indigo
0,Boro Boro,Nardi
0,Boro Boro,Elettra Lamborghini
0,Boro Boro,Timongothekeys
0,Boro Boro,Fred De Palma
0,Boro Boro,Niko Pandetta
0,Boro Boro,Alborosie
0,Boro Boro,Neves17
0,Boro Boro,Wayne
0,Boro Boro,Dat Boi Dee
0,Neves17,Poison Beatz
0,Neves17,Yung Snapp
0,Neves17,Fred De Palma
0,Neves17,Wayne
0,Neves17,Dat Boi Dee
0,Neves17,Tom Trigger
0,Poison Beatz,Yung Snapp
0,Dat Boi Dee,Shiva
0,Dat Boi Dee,Wayne
0,Dat Boi Dee,Yung Snapp
0,Dat Boi Dee,Peppe Soks
0,Peppe Soks,Ensi
0,Peppe Soks,Clementino
0,Peppe Soks,MamboLosco
0,Peppe Soks,Dani Faiv
0,Peppe Soks,Yung Snapp
0,Peppe Soks,Boro Boro
0,Peppe Soks,2nd Roof
0,Peppe Soks,Vaz Tè
0,Peppe Soks,Lele Blade
0,Peppe Soks,Alfa
0,Peppe Soks,Garelli
0,Peppe Soks,Izi
0,Peppe Soks,Niko Pandetta
0,Nicola Siciliano,Ketama126
0,Nicola Siciliano,Andry The Hitmaker
0,Nicola Siciliano,2nd Roof
0,Nicola Siciliano,Sick Luke
0,Nicola Siciliano,Blind
0,Nicola Siciliano,Ntò
0,Mina,Lucio Dalla
0,Mahmood,Elisa
0,Mahmood,MEDUZA
0,Mahmood,Benny Benassi
0,MEDUZA,David Guetta
0,MACE,Guè
0,MACE,Franco126
0,MACE,Side Baby
0,MACE,chiello
0,MACE,Ketama126
0,MACE,PSICOLOGI
0,MACE,Madame
0,MACE,Carl Brave
0,MACE,Rosa Chemical
0,MACE,Ernia
0,MACE,Geolier
0,MACE,J Lord
0,MACE,Fritz Da Cat
0,MACE,Izi
0,MACE,Jake La Furia
0,MACE,Crookers
0,Federico Rossi,Ana Mena
0,Alfa,Rosa Chemical
0,Alfa,Yanomi
0,Alfa,ARIETE
0,Alfa,VillaBanks
0,Alfa,Slings
0,Alfa,SHUNE
0,Chadia Rodriguez,Jake La Furia
0,Michele Bravi,Federica Abbate
0,Michele Bravi,Mahmood
0,Michele Bravi,Guè
0,Boomdabash,Jake La Furia
0,Boomdabash,Fabri Fibra
0,Boomdabash,Alborosie
0,Boomdabash,Eiffel 65
0,Boomdabash,Baby K
0,David Guetta,Elliphant
0,David Guetta,Akon
0,David Guetta,Gabry Ponte
0,David Guetta,Benny Benassi
0,Ty Dolla $ign,Tory Lanez
0,Ty Dolla $ign,Gucci Mane
0,Ty Dolla $ign,Rick Ross
0,Ty Dolla $ign,David Guetta
0,Ty Dolla $ign,A Boogie Wit da Hoodie
0,Two Fingerz,MadMan
0,Two Fingerz,Ensi
0,Two Fingerz,Fedez
0,Two Fingerz,Baby K
0,Two Fingerz,Max Pezzali
0,Two Fingerz,Emis Killa
0,Two Fingerz,Guè
0,Two Fingerz,Fabri Fibra
0,Two Fingerz,Mondo Marcio
0,ARIETE,Madame
0,ARIETE,Franco126
0,ARIETE,Lil Kvneki
0,ARIETE,PSICOLOGI
0,Fedez,Mara Sattei
0,Fedez,Tedua
0,Fedez,Crookers
0,Fedez,Speranza
0,Fedez,Francesca Michielin
0,Fedez,Annalisa
0,Fedez,Emis Killa
0,Fedez,Dark Polo Gang
0,Fedez,Elisa
0,Fedez,Boomdabash
0,Fedez,Jake La Furia
0,Fedez,Entics
0,Fedez,Gemitaiz
0,Fedez,Vincenzo Da Via Anfossi
0,Mara Sattei,Tedua
0,Mara Sattei,Giorgia
0,Mara Sattei,Gazzelle
0,Mara Sattei,Lous and The Yakuza
0,Rosa Chemical,Radical
0,Rosa Chemical,Guè
0,Rosa Chemical,Ernia
0,Rosa Chemical,Dani Faiv
0,Rosa Chemical,Rkomi
0,Rosa Chemical,Wayne
0,Rosa Chemical,Taxi B
0,Rosa Chemical,Greg Willen
0,La rappresentante di lista,Elisa
0,Gazzelle,thasup
0,Gazzelle,Noyz Narcos
0,Benny Benassi,BB Team
0,Frah Quintale,Franco126
0,Tommy Vee,Keller
0,Tommy Vee,Mauro Ferrucci
0,Mauro Ferrucci,Keller
0,Slings,Heartman
0,Slings,Vegas Jones
0,Slings,Bello Figo
0,Slings,SHUNE
0,Slings,Vale Lambo
0,Federica Abbate,Mr.Rain
0,Federica Abbate,Fred De Palma
0,Federica Abbate,Emis Killa
0,Lil Baby,Gucci Mane
0,Oni One,Dylan
0,Oni One,Boro Boro
0,Oni One,Side Baby
0,Oni One,Jamil
0,Nerone,Emis Killa
0,Nerone,Jake La Furia
0,Nerone,Fabri Fibra
0,Nerone,Boro Boro
0,Nerone,Gemitaiz
0,Nerone,Tormento
0,Nerone,J-AX
0,Nerone,Maruego
0,Nerone,Ensi
0,Nerone,Nex Cassel
0,Nerone,Rocco Hunt
0,Nerone,Lazza
0,Sercho,Luchè
0,Sercho,MadMan
0,Headie One,Gazo
0,Eiffel 65,Gabry Ponte
0,Eiffel 65,Nea
0,Eiffel 65,Ardian Bujupi
0,Ardian Bujupi,Noizy
0,Yung Snapp,Geolier
0,Yung Snapp,PSICOLOGI
0,Yung Snapp,Icy Subzero
0,Yung Snapp,Vale Lambo
0,Elettra Lamborghini,ChildsPlay
0,Elettra Lamborghini,Rkomi
0,Elettra Lamborghini,MamboLosco
0,Elettra Lamborghini,Lola Indigo
0,Ana Mena,Fred De Palma
0,Ana Mena,Reik
0,Ana Mena,Omar Montes
0,Enzo Avitabile,Speranza
0,Enzo Avitabile,Boomdabash
0,Enzo Avitabile,Giorgia
0,Speaker Cenzou,Kiave
0,Speaker Cenzou,Ntò
0,Speaker Cenzou,Ensi
0,Speaker Cenzou,Clementino
0,Speaker Cenzou,Tormento
0,Mario Biondi,Enzo Avitabile
0,Lucio Dalla,Marco Mengoni
0,Lucio Dalla,Samuele Bersani
0,Tiromancino,Franco126
0,Tiromancino,Tiziano Ferro
0,Tiromancino,Elisa
0,Tiromancino,Alborosie
0,Tiromancino,Fabri Fibra
0,Tiromancino,Lucio Dalla
0,Ensi,Madame
0,Ensi,Lazza
0,Ensi,Johnny Marsiglia
0,Ensi,Luchè
0,Ensi,Julia Lenti
0,Ensi,Noyz Narcos
0,Ensi,Crookers
0,Ensi,Nex Cassel
0,Ensi,Emis Killa
0,Ensi,Garelli
0,Ensi,Dani Faiv
0,Ensi,Giaime
0,Ensi,Andry The Hitmaker
0,Ensi,333 Mob
0,Ensi,Chris Nolan
0,R.A. The Rugged Man,Hopsin
0,Kiave,Bassi Maestro
0,Kiave,Johnny Marsiglia
0,Kiave,Ensi
0,Johnny Marsiglia,Nex Cassel
0,Johnny Marsiglia,Zuli
0,Reverendo,Caneda
0,Omar Montes,Reik
0,Reik,Maite Perroni
0,Martina Attili,Michelangelo
0,SHUNE,Disme
0,PSICOLOGI,Franco126
0,PSICOLOGI,Madame
0,PSICOLOGI,Side Baby
0,PSICOLOGI,Night Skinny
0,PSICOLOGI,Greg Willen
0,Greg Willen,chiello
0,Greg Willen,Taxi B
0,Greg Willen,Radical
0,Crookers,Frah Quintale
0,Crookers,Salmo
0,Crookers,Madame
0,Crookers,J Lord
0,Crookers,Bassi Maestro
0,Crookers,Caneda
0,Crookers,Ernia
0,Crookers,Rocco Hunt
0,Crookers,Laïoung
0,Crookers,Ketama126
0,Francesca Michielin,Elisa
0,Francesca Michielin,Gemitaiz
0,Francesca Michielin,Takagi & Ketra
0,Francesca Michielin,Fred De Palma
0,Francesca Michielin,Shiva
0,Ketama126,Kaydy Cain
0,Ketama126,Franco126
0,Ketama126,Side Baby
0,Ketama126,Night Skinny
0,Ketama126,Zef
0,Ketama126,Tedua
0,Ketama126,Chris Nolan
0,Ketama126,Niko Pandetta
0,Disme,Chris Nolan
0,Disme,Dani Faiv
0,Disme,Vaz Tè
0,Vaz Tè,DrefGold
0,Vaz Tè,Garelli
0,Vaz Tè,Rkomi
0,Tiziano Ferro,Tormento
0,Dani Faiv,Vaz Tè
0,Dani Faiv,Yung Snapp
0,Dani Faiv,Nerone
0,Dani Faiv,Mostro
0,Dani Faiv,Gemitaiz
0,Dani Faiv,Emis Killa
0,Dani Faiv,Shiva
0,Dani Faiv,Fabri Fibra
0,Dani Faiv,Jake La Furia
0,Dani Faiv,Lazza
0,Dani Faiv,MadMan
0,Dani Faiv,Lexotan
0,Dani Faiv,Capo Plaza
0,Gucci Mane,A Boogie Wit da Hoodie
0,Gucci Mane,Rick Ross
0,Gazo,Hache-P
0,Wayne,sangiovanni
0,Wayne,Fred De Palma
0,Wayne,Side Baby
0,Wayne,Taxi B
0,Wayne,MamboLosco
0,Wayne,DrefGold
0,Wayne,Rhove
0,Wayne,Radical
0,Wayne,Dark Polo Gang
0,Wayne,Giaime
0,Side Baby,Paky
0,Side Baby,Izi
0,Side Baby,Luchè
0,Side Baby,Guè
0,Side Baby,Shiva
0,Side Baby,Niko Pandetta
0,Side Baby,Il Profeta
0,Side Baby,Night Skinny
0,Side Baby,DrefGold
0,Radical,PSICOLOGI
0,Radical,Taxi B
0,Dark Polo Gang,Geolier
0,Dark Polo Gang,Massimo Pericolo
0,Dark Polo Gang,Tedua
0,Dark Polo Gang,Lazza
0,Dark Polo Gang,Salmo
0,Dark Polo Gang,Ketama126
0,Dark Polo Gang,Capo Plaza
0,Dark Polo Gang,ANNA
0,Dark Polo Gang,DrefGold
0,Dark Polo Gang,Oni One
0,Dark Polo Gang,Guè
0,Dark Polo Gang,Luchè
0,Dark Polo Gang,Prynce
0,Dark Polo Gang,Kaydy Cain
0,Dark Polo Gang,Sfera Ebbasta
0,Dark Polo Gang,Izi
0,Dark Polo Gang,Giaime
0,Benny The Butcher,Rick Ross
0,Benny The Butcher,Jadakiss
0,Rick Ross,A Boogie Wit da Hoodie
0,Rick Ross,Jadakiss
0,Rick Ross,Akon
0,Elisa,Franco126
0,Elisa,MACE
0,Elisa,Elodie
0,Elisa,Roshelle
0,Elisa,Carl Brave
0,Elisa,Tiziano Ferro
0,dutchavelli,Noizy
0,Jadakiss,Ty Dolla $ign
0,Jadakiss,Akon
0,Dj Harsh,Lazza
0,Dj Harsh,Salmo
0,Dj Harsh,Marracash
0,Dj Harsh,Gemitaiz
0,Dj Harsh,Noyz Narcos
0,Dj Harsh,Night Skinny
0,Dj Harsh,Vettosi
0,Dj Harsh,Rasty Kilo
0,Dj Harsh,MV Killa
0,Dj Harsh,Luchè
0,Dj Harsh,North of Loreto
0,Night Skinny,Dylan
0,Night Skinny,MamboLosco
0,Night Skinny,Geolier
0,Night Skinny,Luchè
0,Night Skinny,Ghali
0,Night Skinny,Tedua
0,Night Skinny,Madame
0,Night Skinny,thasup
0,Night Skinny,ARIETE
0,Night Skinny,Tony Effe
0,Night Skinny,Franco126
0,Night Skinny,Bresh
0,Night Skinny,Shiva
0,Night Skinny,Jake La Furia
0,Night Skinny,Lazza
0,Night Skinny,Coez
0,Night Skinny,Mahmood
0,Night Skinny,Gazzelle
0,Night Skinny,Gaia
0,Night Skinny,Elisa
0,Night Skinny,J Lord
0,Night Skinny,VillaBanks
0,Night Skinny,Carl Brave
0,Night Skinny,Vettosi
0,Night Skinny,Fabri Fibra
0,Night Skinny,Marracash
0,Night Skinny,Capo Plaza
0,Night Skinny,Izi
0,Night Skinny,Vale Lambo
0,Night Skinny,Lele Blade
0,Night Skinny,Chadia Rodriguez
0,Night Skinny,Achille Lauro
0,Night Skinny,Taxi B
0,Night Skinny,TY1
0,Night Skinny,Johnny Marsiglia
0,Night Skinny,MadMan
0,Night Skinny,Ensi
0,Night Skinny,Clementino
0,Night Skinny,Gemitaiz
0,Night Skinny,Nitro
0,Night Skinny,Nex Cassel
0,Night Skinny,Tormento
0,Night Skinny,Rocco Hunt
0,Night Skinny,Tony Boy
0,Night Skinny,Papa V
0,Night Skinny,167 Gang
0,Night Skinny,Rasty Kilo
0,Night Skinny,Il Profeta
0,Rasty Kilo,Capo Plaza
0,Rasty Kilo,Junior K
0,Rasty Kilo,Tony Effe
0,Rasty Kilo,Ketama126
0,Rasty Kilo,Big Joe
0,Rasty Kilo,Achille Lauro
0,Rasty Kilo,Taxi B
0,North of Loreto,Raf
0,Caneda,MadMan
0,Entics,Fred De Palma
0,Entics,Jake La Furia
0,Entics,Raf
0,Entics,Ensi
0,Entics,Emis Killa
0,Baby K,Omar Montes
0,Baby K,Boro Boro
0,Baby K,Tedua
0,Baby K,Giaime
0,Baby K,Lele Blade
0,Baby K,J-AX
0,Baby K,Vegas Jones
0,Baby K,Gemitaiz
0,Baby K,Federica Abbate
0,Baby K,Fred De Palma
0,Baby K,Marracash
0,Baby K,Tiziano Ferro
0,Ntò,Rasty Kilo
0,Ntò,Sayanbull
0,Ntò,Giaime
0,Ntò,Enzo Avitabile
0,Ntò,Speranza
0,Ntò,Tormento
0,Ntò,Vale Lambo
0,Ntò,Izi
0,Ntò,Marracash
0,Ntò,Peppe Soks
0,Ntò,Rocco Hunt
0,Nex Cassel,RollzRois
0,Nex Cassel,Dani Faiv
0,Nex Cassel,DrefGold
0,Nex Cassel,Nitro
0,Nex Cassel,Izi
0,Nex Cassel,Clementino
0,Nex Cassel,Baby K
0,Nex Cassel,Rasty Kilo
0,Zuli,Emiliano Pepe
0,Zuli,Ensi
0,Vincenzo Da Via Anfossi,Caneda
0,Vincenzo Da Via Anfossi,Entics
0,Vincenzo Da Via Anfossi,Vacca
0,MILES,thasup
0,2nd Roof,Emis Killa
0,2nd Roof,Dylan
0,2nd Roof,Dani Faiv
0,2nd Roof,Ketama126
0,2nd Roof,J-AX
0,2nd Roof,Gemitaiz
0,2nd Roof,Arlissa
0,2nd Roof,Tony Effe
0,2nd Roof,Neves17
0,2nd Roof,Poison Beatz
0,2nd Roof,Wayne
0,2nd Roof,Boro Boro
0,2nd Roof,Vettosi
0,2nd Roof,Nashley
0,Rame,Jake La Furia
0,Rame,Emis Killa
0,Rame,Speranza
0,Rame,Marracash
0,Rame,MV Killa
0,Alborosie,Elisa
0,Alborosie,Fedez
0,Alborosie,Vacca
0,DrefGold,Izi
0,DrefGold,Tedua
0,DrefGold,Luchè
0,DrefGold,Lazza
0,DrefGold,Tony Effe
0,Cosculluela,El Micha
0,Vale Lambo,Dani Faiv
0,Vale Lambo,Luchè
0,Vale Lambo,Carl Brave
0,Vale Lambo,Nayt
0,Vale Lambo,Geolier
0,Laïoung,Maruego
0,Laïoung,Clementino
0,Laïoung,Bello Figo
0,Laïoung,Izi
0,Akon,Red Cafe
0,Red Cafe,Rick Ross
0,Red Cafe,French Montana
0,Red Cafe,Benny The Butcher
0,Red Cafe,Jadakiss
0,Galiano,Vacca
0,Slim Thug,Rick Ross
0,Dj Jay-K,Gemitaiz
0,Dj Jay-K,MV Killa
0,Sixpm,MDNT
0,Sayanbull,Niko Pandetta
0,Sayanbull,Taxi B
0,Raf,Eros Ramazzotti
0,Raf,Tommy Vee
0,Raf,Mauro Ferrucci
0,Raf,Keller
0,ChildsPlay,Gaia
0,Domiziana,Replay Okay
0,Cancun,Lazza
0,Cancun,Emis Killa
0,Cancun,Shiva
0,Blind,Random
0,Blind,Nashley
0,Blind,Vacca
0,Timongothekeys,Paky
0,Timongothekeys,MV Killa
0,Timongothekeys,Lele Blade
0,Vale Pain,Bovychulo
0,Vale Pain,2nd Roof
0,167 Gang,Tony Effe
0,Nashley,Anna Tatangelo
0,Nashley,Jake La Furia
0,Nashley,Guè
0,Nashley,Random
0,Nashley,Tony Boy
0,Nashley,Kaydy Cain
0,Linch,ARIETE
0,Linch,Lil Kvneki
0,Linch,D'Amore
0,Linch,Heartman
0,Linch,Tananai
0,Linch,☆ ELEONORA ☆
0,Linch,Bovychulo
0,Linch,Brando Luis
0,Linch,Elilluminari
0,Linch,Kaydy Cain
0,Linch,Tony Effe
0,Linch,Slings
0,Linch,MamboLosco
0,Linch,Rossella Essence
0,Linch,Reizon
0,Linch,Papa V
0,Linch,Fri2
0,Lil Kvneki,The American Boyfriends
0,Lil Kvneki,Franco126
0,Reizon,Papa V
0,Papa V,Fri2
0,Hache-P,Jul
0,Random,Guè
0,Random,Carl Brave
0,Random,Shablo
0,Random,Ernia
0,Random,Emis Killa
0,Elilluminari,OskMusic
0,The American Boyfriends,Franco126
0,Fred De Palma,Guè
0,Fred De Palma,Boomdabash
0,Fred De Palma,Rosa Chemical
0,Fred De Palma,Emis Killa
0,Fred De Palma,Ensi
0,Fred De Palma,Marracash
0,Fred De Palma,Luchè
0,Fred De Palma,MadMan
0,Fred De Palma,Omar Montes
0,Fred De Palma,Rose Villain
0,Fred De Palma,Lazza
0,Fred De Palma,Tony Effe
0,Niko Pandetta,J2LASTEU
0,Niko Pandetta,Guè
0,Niko Pandetta,Il Profeta
0,J2LASTEU,65Goonz
0,OskMusic,Kaydy Cain
0,Rayan,Intifaya
0,Rayan,J Lord
0,Rayan,Speranza
0,Rayan,MamboLosco
0,Rayan,Nitro
0,Rayan,Young Slash
0,Rayan,Demo
0,Intifaya,J Lord
0,Intifaya,Speranza
0,Intifaya,MamboLosco
0,Intifaya,Nitro
0,Intifaya,Young Slash
0,Intifaya,Demo
0,Young Slash,Demo
0,Young Slash,Vegas Jones
0,Young Slash,Vaz Tè
0,Young Slash,Bresh
0,Gaia,Francesca Michielin
0,Gaia,Gemitaiz
0,Gaia,J Lord
0,Gaia,Selton
0,Gaia,Tedua
0,Hatik,Paky
0,chiello,Taxi B
0,chiello,Demo
0,Chris Nolan,Birthh
0,Chris Nolan,AIELLO
0,AIELLO,Tormento
0,Merk & Kremont,Ernia
